name,latitude,longitude,free_bikes,empty_slots
Summerhill Ave / Maclennan Ave,43.685924,-79.376304,3,5
Queen St E / Joseph Duggan Rd,43.6677628,-79.30811709999999,9,7
Victoria Park Ave / Danforth Ave,43.691468,-79.288619,1,17
Navy Wharf Crt / Bremner Blvd,43.640722,-79.391051,4,2
420 Wellington St W,43.643834,-79.396649,7,4
Sentinel Rd / Finch Ave W,43.76073963892478,-79.5000273116394,13,0
Ross St / Cecil St - SMART,43.6568254,-79.3966159,2,15
York University Station (North),43.7741,-79.5005,0,13
Dundas St W / Yonge St,43.656094,-79.381484,3,26
Euclid Ave / Herrick St - SMART,43.661559,-79.413845,0,14
Wellesley St W / Queen's Park Cres,43.663376,-79.392125,2,15
Jane St / Sheppard Ave W,43.73901341370186,-79.51286317927207,16,2
144 Harrison St,43.651145,-79.423742,40,2
Wellington St W / Bay St,43.647259,-79.379878,1,53
Sunnyside Ave / The Queensway - SMART,43.6397,-79.44865,12,7
161 Bleecker St (South of Wellesley),43.666233,-79.373327,1,22
Lawrence Ave W / Renfield St,43.70402998554811,-79.4988335075738,0,11
Bay St / Scollard St,43.672152,-79.39018,4,11
Pape Ave / Gamble Ave,43.690237,-79.350119,15,4
Parkway Forest Dr / Forest Manor Rd (South),43.769529687223894,-79.34338171403495,3,13
Queen St E / Hammersmith Ave,43.671349,-79.29451,9,2
Walnut Ave / Queen St W,43.645469,-79.411084,1,11
Queen St E / Pape Ave - SMART,43.661673,-79.337789,12,4
Tecumseth St / Tecumseth Pl,43.642697996199985,-79.4049993694586,11,0
Davenport Rd / Lansdowne Ave,43.671526,-79.44874,2,16
Eastwood Rd / Coxwell Ave,43.673118,-79.318651,18,0
Fenwood Ht / Kingston Rd,43.72690169821676,-79.22920396582664,9,4
Rouge Hill GO Station,43.7805505,-79.1301203,0,18
Lundy Ave / Étienne Brûlé Park,43.6625395,-79.5030161,3,10
Bremner Blvd / Rees St,43.641529,-79.386741,3,43
Willowdale Ave / Bishop Ave ,43.78387252467251,-79.40786809814757,0,19
Plaxton Dr / St. Clair Ave E,43.70751755961952,-79.30252066313936,9,5
Front St W / University Ave (2),43.6452972,-79.3827914,4,13
Jarvis St / Richmond St E,43.652777,-79.372637,13,5
Mortimer Ave / Coxwell Ave,43.690564,-79.326319,16,7
Dundas St E / River St,43.661152,-79.358505,18,0
St. Clair Ave W / Symes Rd,43.670042134416704,-79.4789424818056,1,14
Yarmouth Rd / Christie St,43.67,-79.42083333333333,2,9
Dufferin Gate - SMART,43.633473,-79.425679,9,6
Symington Ave / Davenport Rd,43.6704403,-79.45328549999999,1,13
Niagara St / King St W - SMART,43.64281323408372,-79.40751415588915,6,18
Madison Ave / Bloor St W,43.66701830465472,-79.4027958687172,1,13
Kingston Rd / Scarborough Golf Club Rd,43.74531103700256,-79.20970650787817,0,14
Harbord St / Grace St (Bickford Park),43.65995363518053,-79.41787388888551,7,15
Alvin Ave / St. Clair Ave E,43.68871,-79.39264,1,18
385 Pacific Ave,43.6651094724602,-79.46833581423087,18,3
Chorley Park - SMART,43.6856,-79.3718,3,16
Martin Goodman Trail (Marilyn Bell Park),43.6314,-79.4304,1,28
Yonge St / Davisville Ave,43.6975969,-79.39654,2,12
Berry Rd / Bell Manor Dr,43.63732,-79.489083,15,2
Adelaide St W / York St ,43.6491919790139,-79.38363237427446,0,19
Lake Shore Blvd W / Ontario Dr,43.630254,-79.420317,0,29
St Clarens Ave / Shirley St,43.6486599,-79.4376413,3,11
Wolseley St / Augusta Ave,43.6484201,-79.40051919999999,21,7
Cumberland St / Bay St -  SMART,43.6704537,-79.39014,0,8
Overlea Blvd / Thorncliffe Park Dr,43.707555968595464,-79.34272024477463,0,18
Kempford Blvd / Yonge St,43.776857235099826,-79.4151161430729,3,16
Bay St / Albert St,43.653264,-79.382458,8,49
Jack Layton Ferry Terminal,43.64103161936887,-79.37670442726134,1,18
High Park Outdoor Pool,43.650154,-79.464934,3,21
800 Fleet St (South),43.63670985212708,-79.40880517790985,15,22
McCowan Rd / Trudelle St,43.74033901575211,-79.23935319629516,5,13
Queens Quay W / Dan Leckie Way,43.636533,-79.395854,10,0
Roehampton Ave / Mount Pleasant Rd,43.70942,-79.39139,3,15
Niagara St / Tecumseth St,43.641389,-79.404444,13,0
Uno Dr / The Queensway,43.62649329992186,-79.50358167641535,12,2
Oakdale Community Centre,43.74751496038769,-79.5132569853195,10,4
Trinity St /Front St E,43.651318,-79.36023,16,0
Finch Ave E / Upper Don Recreational Trail ,43.78893788312306,-79.37488868750592,11,0
Sheppard Ave E / Brian Dr,43.7751833232896,-79.33044338101735,4,13
Sheppard Ave W / Chesswood Dr,43.755583971122874,-79.47446032684479,9,10
Bellwoods Ave / Treford Pl - SMART,43.65246,-79.413528,4,16
Swansea Community Centre,43.6438036,-79.4770327,3,11
The Queensway / High St,43.630874,-79.482407,16,5
Esther Shiner Stadium,43.7774374,-79.4447096,7,15
Rogers Rd / Watt Ave,43.68233679999999,-79.4680594,0,15
College Park - Gerrard Entrance,43.658938,-79.383518,13,9
Carlton St / Parliament St,43.664524,-79.36793,15,9
Avenue Rd / Oxton Ave ,43.69711160305226,-79.40537298227844,0,15
Hanna Ave / Snooker St,43.639547,-79.420022,2,12
Queen St W / John St,43.650077,-79.391291,11,12
Glen Edyth Dr / Davenport Rd,43.677778,-79.405556,3,10
Eglinton Ave W / Gilbert Ave,43.69254716689966,-79.46332759272917,0,19
St. Joseph St / Bay St - SMART,43.6658804,-79.38761010000002,4,16
Jarvis St / Isabella St,43.668991,-79.379385,6,14
Jane St / Yorkwoods Gt,43.7503016975738,-79.51577557434386,11,4
Bay St / College St (East Side),43.660439,-79.385525,5,23
Richmond St W / York St,43.650745,-79.383633,5,6
Roncesvalles Ave / Marmaduke St,43.650492,-79.450842,0,18
Bay St / Bloor St W (West Side),43.669244,-79.3894,0,19
Queen St W / Spadina Ave,43.649147,-79.395504,8,2
Davenport Rd / Avenue Rd,43.674991,-79.396273,1,9
King St W / Jameson Ave - SMART,43.63735795888104,-79.43617975886079,11,0
Queen's Park Cres W / Hoskin Ave,43.665221,-79.394009,1,19
Edward St / Yonge St,43.656729,-79.382736,4,13
16 Riverview Gardens ,43.64883712159794,-79.48675294250663,17,12
Queen's Park / Bloor St W,43.668456,-79.393899,1,18
Parkside Dr / Bloor St W - SMART,43.654501,-79.460053,2,9
Shaw St / King St W,43.6412561641921,-79.41502994047545,12,3
Kilgour Rd / Rumsey Rd,43.718039,-79.371914,4,12
Castle Frank Subway Station,43.67418030086386,-79.36795839711793,1,15
Spadina Ave / Blue Jays Way,43.641705,-79.393295,13,11
Glendonwynne Rd / Bloor St W,43.65182,-79.47421,5,14
Superior Ave / Lake Shore Blvd W,43.6146692,-79.4873148,15,0
2700 Eglinton Ave W,43.69074600637147,-79.47820143344333,26,13
Wendover Rd / Bloor St W (Green P),43.6492,-79.50601999999999,1,14
75 Holly St,43.7063279,-79.3962499,5,16
Starspray Blvd / Lawrence Ave E,43.788525214554085,-79.1231844760227,9,1
The Pond Rd / Shoreham Dr,43.772445,-79.511912,0,13
Adelaide St W / Yonge St,43.65038002325664,-79.3787277120385,4,14
Lynn Williams St / East Liberty St,43.638925,-79.4168659,14,0
Roding St / Nash Dr,43.72885964584396,-79.49202997658232,7,7
King St E / Berkeley St,43.651885,-79.3649,22,7
Royal York Rd / Mimico Ave,43.612063,-79.496573,17,3
King St W / Charlotte St,43.645572,-79.39399,19,2
Russell Hill Rd / St. Clair Ave W,43.685569,-79.408019,1,16
Harbord St / Clinton St,43.660414,-79.415646,6,9
Jameson Ave / Queen St W,43.63985,-79.43703,16,11
High Park - Grenadier Cafe,43.645599,-79.4657123,0,8
High Park Amphitheatre,43.646251,-79.46472,3,12
Gothic Ave / Quebec Ave,43.65389,-79.4675,4,14
111 Bond St (North of Dundas St E)  - SMART,43.656927,-79.378497,6,8
Grantbrook St / Finch Hydro Corridor Trail,43.780468305361154,-79.43280415488479,4,10
Wright Ave / Sorauren Ave - SMART,43.646677,-79.442741,5,10
College St / Borden St,43.6571,-79.4056,4,3
Coxwell Ave / Plains Rd,43.69595,-79.328535,16,3
Lower Simcoe St / Bremner Blvd,43.64283,-79.38409,2,12
Glen Long Community Centre,43.70820992643782,-79.45627808717194,0,15
Taddle Creek Park,43.66986,-79.398443,3,10
Bloor St E / Huntley St - SMART,43.671535,-79.379173,6,14
Bay Mills Blvd / Birchmount Ave,43.78342986112393,-79.29955890113074,6,8
Gerrard St E / Leslie St,43.669813,-79.3335,20,2
Eglinton Ave W / Prospect Cemetery,43.69415,-79.45782580000001,0,19
Maud St / Adelaide St W - SMART,43.6460145694434,-79.39960497726345,11,4
Simcoe St / Michael Sweet Ave,43.652327224103,-79.3882538196087,5,13
High Park - West Rd,43.651922,-79.465693,2,17
Morningside Park (Highland Creek Trail),43.779353,-79.193023,5,13
Ellesmere Rd / Markham Rd,43.77682938751077,-79.2305003612381,2,10
King St W / Cowan Ave - SMART,43.637922,-79.431734,11,3
Trethewey Dr / Black Creek Dr,43.695498400279796,-79.48809394482672,3,12
Adelaide St W / Bay St,43.650152,-79.379856,0,21
Pharmacy Ave / Eglinton Ave E ,43.72534466992445,-79.2976874085289,4,11
Bathurst St/Queens Quay(Billy Bishop Airport),43.635492,-79.398253,24,11
Brahms Ave / Finch Ave E,43.79236326442992,-79.35836318028717,5,11
King St W / Crawford St,43.6417852,-79.4131148,12,8
Isabella St / Church St,43.66834,-79.38235,4,22
Durie St / Dundas St W,43.665523,-79.484892,2,21
Trent Ave / Danforth Ave,43.689293,-79.295895,0,23
Marilyn Bell Park Tennis Court,43.633537,-79.437461,4,21
Cosburn Ave / Cedarvale Ave,43.697139,-79.31469,3,12
Joe Shuster Way / King St W ,43.64039672322004,-79.4237424131447,14,4
Sherbourne St / Wellesley St E,43.6673,-79.374,12,16
Lower Jarvis St / The Esplanade,43.6478206,-79.3704721,14,0
Sheppard Ave E / Willowdale Ave ,43.76411174298419,-79.39833699652739,8,3
Mallon Ave / Jones Ave -SMART,43.66587,-79.33443,10,5
Front St W / Simcoe St,43.644480035433915,-79.38698781349183,0,27
Centre Island,43.61851569484422,-79.3730330079146,19,12
135 Queens Wharf Rd - SMART,43.6399714,-79.39940399999999,14,1
15 Price St ,43.6799477790745,-79.38994813684005,3,11
Kennedy Rd / Bertrand Ave,43.73746176713744,-79.26995937672586,0,10
Jarvis St / Dundas St E,43.657266,-79.374756,26,0
Orde St / McCaul St,43.6580442,-79.3927404,0,14
University Ave / King St W - SMART,43.6477785,-79.3847928,0,23
Islington Ave / Finch Ave W,43.74445257991756,-79.56824985721664,3,11
The Queensway at South Kingsway,43.63632,-79.47307,20,0
Roehampton Ave / Bayview Ave,43.711751,-79.378615,13,12
Phoebe St / Spadina Ave,43.650033,-79.396555,15,16
Yonge St / Lawrence Ave E,43.7254665,-79.40115449999999,3,18
Bay St / Bloor St W (East Side),43.66943,-79.38915,0,15
Symington Ave / Dupont St,43.665538,-79.451263,5,9
Silver Springs Blvd / Birchmount Rd,43.800737007917,-79.30671242148874,2,2
St. Clair Ave W / Osler St,43.6739269797493,-79.46068479021301,4,5
Bridgman Ave / Bathurst St,43.674444,-79.414722,3,10
Davenport Rd / Bedford Rd,43.674446,-79.398331,2,11
University Ave / College St (East),43.65995,-79.38964,3,12
York University (Glendon Campus) - SMART,43.727365488246306,-79.3814254607724,13,2
Simcoe St / Elm St,43.656038841714505,-79.38970387738495,4,7
24 Mountjoy Ave,43.68049350289877,-79.33044552721375,15,3
Marine Parade Dr / Humber Bay Shores Park Trl,43.626461825093834,-79.47675102302073,10,8
King St W / Spadina Ave,43.64514249449372,-79.39510358283808,9,9
Spadina Ave / Harbord St - SMART,43.6629228,-79.4018451,16,19
Bayview Ave / Finch Recreational Trail,43.789068698639504,-79.39315096004944,8,8
Keele St / Lloyd Ave,43.67115532642577,-79.46701597756929,1,12
Viewmount Park,43.70735572654095,-79.43723072209013,3,11
Housey St / Dan Leckie Way,43.63811,-79.397877,20,2
Ontario St / Adelaide St E -SMART,43.6535052,-79.3667689,19,0
Clendenan Ave / Rowland St - SMART,43.66073,-79.47149,2,17
Slan Ave / Scarborough Golf Club Rd,43.77327261711258,-79.21971485277862,6,7
Southwood Dr / Kingston Rd - SMART,43.678685,-79.297974,1,11
85 Lee Ave,43.6700692,-79.2971326,0,17
King St W / Portland St - SMART,43.644395,-79.40065430000001,18,14
Toronto Eaton Centre (Yonge St) - SMART,43.655431,-79.380653,0,18
Sussex Ave / St George St,43.665304278965365,-79.39938263802871,1,14
Baldwin St / Henry St,43.6560758,-79.393259,1,11
Donlands Subway Station,43.681114,-79.3373885,9,6
York St / Lake Shore Blvd W,43.641952,-79.380723,15,1
Weston Rd / Sheppard Ave W,43.73262849415089,-79.5381993243286,1,13
Spadina Ave / Willcocks St,43.6616667,-79.40138888888889,4,8
Leslie Subway Station,43.77037892370793,-79.36702734195678,4,11
Baycrest Ave / Bathurst St,43.72966526118746,-79.4324727837474,1,17
Pharmacy Ave / Teesdale Pl,43.697356080874876,-79.28528711019696,17,2
Lindylou Rd / Lanyard Rd,43.74845421407306,-79.5504039969242,5,8
Blake St / Boultbee Ave,43.672453,-79.338259,14,1
Granby St / Church St - SMART,43.6614605,-79.37894570000002,13,9
Vaughan Rd /Wychwood Ave,43.6882821,-79.4253856,2,16
Spadina Ave / Sullivan St,43.65082785552666,-79.39698099821702,9,13
Jarvis St / Carlton St,43.66207,-79.37617,10,4
Mallaby Park ,43.706191092397106,-79.53262795581969,0,14
Bathurst St / Lennox St,43.663808,-79.410491,2,14
1303 Yonge St - SMART,43.6846177,-79.39245919999999,2,12
Palmerston Ave / Vermont Ave,43.671389,-79.416389,9,4
Westmoreland Ave / Fernbank Ave,43.665327,-79.43235,3,15
York St / Queens Quay W,43.640132,-79.380464,15,42
Gamble Ave / Broadview Ave,43.689211,-79.35438,19,3
Howard Park Ave / Dundas St W - SMART,43.6521,-79.4486,1,9
St. Columba Pl / St. Clair Ave E,43.70567,-79.310554,4,14
Bloor St W / Huron St,43.667023,-79.401805,13,13
Bloor St W / Gladstone Ave - SMART,43.6602021,-79.4342726,5,4
Greenwood Ave / Sammon Ave,43.68698672516659,-79.33478198280334,11,0
High Park Ave / Dundas St W,43.6653032,-79.4701178,8,6
Sunnybrook Park,43.720233,-79.362092,8,18
Danforth Ave / Ellerbeck St,43.677076,-79.35667,11,3
1612 Danforth Ave ,43.68370788065334,-79.32262453633884,7,7
Finch Ave W / Wilmington Ave,43.77060244428048,-79.45997589178772,4,14
Charles St E / Jarvis St - SMART,43.669604,-79.381171,3,17
Queens Quay / Yonge St,43.641646,-79.375308,16,25
HTO Park West,43.63737145931921,-79.38976958703309,26,1
University of Toronto Scarborough,43.7842419,-79.1849889,1,14
King St W / Douro St,43.640885,-79.416379,9,2
Lower Jarvis St / Queens Quay E,43.64422,-79.36927,17,1
Keele St / Catford Rd,43.75919330632997,-79.49001046850891,1,12
Brick Works,43.683884,-79.36647,23,0
Danforth Ave / Dewhurst Blvd,43.680207,-79.339243,9,6
Kingston Rd / Glen Everest Rd,43.697490048103,-79.25655146462776,9,3
Queens Quay E / Lower Jarvis St ,43.64392767366328,-79.3687301736982,18,3
Vaughan Rd / Oakwood Ave,43.6926825,-79.441042,2,17
Rushton Rd / St. Clair Ave W,43.68114,-79.4277,0,11
Queen St E / Alton Av,43.663912,-79.327987,10,9
Brockley Dr / Lawrence Ave E,43.752354851176584,-79.26279658857231,0,11
Torresdale Ave / Antibes Dr,43.77953,-79.45233,12,1
Cherry St / Polson St,43.643320932767004,-79.35120948518066,1,16
Tangiers Rd / Finch Ave W,43.76376964130183,-79.48809242593383,1,14
Adelaide St W / Bay St (South),43.65011637593798,-79.37953068860327,0,15
Fort York Blvd / Garrison Rd,43.637381,-79.406112,10,2
Niagara St / Queen St W ,43.64572868466845,-79.40990680181771,2,8
Cariboo Ave / Railpath Trail,43.66666667,-79.45833333333334,3,16
Davisville Ave / Pailton Cres,43.69933,-79.39199,7,11
Yonge St / St. Clair Ave,43.68850460000001,-79.39416076812287,3,15
Simcoe St / Dundas St W,43.655103,-79.389295,4,14
Mill St / Tannery Rd,43.652219,-79.354455,24,2
Dundas St E / George St,43.6574766,-79.373446,17,5
Front St W / Yonge St (Hockey Hall of Fame),43.646144,-79.377962,2,45
Church St / Lombard St,43.651678,-79.375233,13,3
Augusta Ave / Denison Sq,43.653766,-79.4016759,3,9
St. John's Rd / Dundas St W,43.66526761605873,-79.47502122887077,8,5
Millwood Rd / Southvale Dr,43.70241717215276,-79.36175932936095,3,10
Dundas St E / Broadview Ave,43.662365,-79.351104,16,2
Dundas St W / Edna Ave,43.657192,-79.452559,1,14
Frobisher Ave / Lascelles Blvd,43.696708,-79.40045,3,15
Eastgate Cres / Pharmacy Ave ,43.7110442448186,-79.29127313845584,0,15
St. Andrew's Playground Park,43.646552,-79.399586,5,2
Roxton Rd / Harbord St,43.65905,-79.422988,2,7
Sixth St / Lake Shore Blvd W,43.60116229109828,-79.50416046627045,13,0
Dufferin St / Queen St W,43.64309687937765,-79.42875613770637,5,9
Yonge St / Sheppard Ave E,43.76128605777495,-79.41071644205269,2,17
Davenport Rd / Bathurst St,43.676667,-79.416111,0,14
Havelock St / Dufferin Park,43.657343,-79.43112,15,14
Bellamy Rd N / The Meadoway,43.76507271818177,-79.23835381614684,2,12
Sunnybrook Health Centre - L Wing,43.72268,-79.37644,5,9
Teddington Park Ave,43.732975,-79.40401,0,14
21 Pleasant Blvd (2),43.687204264115415,-79.39269726524513,1,10
Scarlett Rd / Old Scarlett Rd ,43.678276306636576,-79.50667332401198,4,9
Blythwood Rd / Yonge St - SMART,43.716652,-79.399993,1,9
Runnymede Rd / Annette St,43.6596299,-79.4799176,5,9
285 Victoria St,43.656633,-79.379625,2,34
Eastern Ave / Winnifred Ave,43.6592088,-79.3348396,6,8
Ursula Franklin St / St. George St - SMART,43.660296,-79.397107,0,14
Guildwood GO Station (South),43.754978,-79.1971289,1,9
Clarence Square,43.64407,-79.3929,20,2
Aurora Ct / Bridletowne Cir,43.79283961726625,-79.31685173498637,2,8
Eglinton Ave E / Brimley Rd,43.736952572933866,-79.24798367249146,4,15
Front St W / Bay St (South Side),43.64595,-79.378761,1,17
Jimmie Simpson Park (Queen St E),43.6605603,-79.3437663,13,16
Alma Ave / Gladstone Ave SMART,43.6448617,-79.42822,12,2
Jane St / Weston Rd,43.69144464414302,-79.50154583869246,0,15
439 Sherbourne St,43.666051,-79.374161,5,40
Mary McCormick Rec Centre (Sheridan Ave),43.6475,-79.43305555555555,6,7
Church St / The Esplanade,43.6469251,-79.3733192,16,2
50 Overlea Blvd,43.707225,-79.345324,0,14
60 Broadway Ave,43.71024429599603,-79.39578744603273,3,20
Queen St W  /  Fuller Ave - SMART,43.640255,-79.439223,3,12
Windsor St / Newcastle St,43.6171635,-79.4971065,0,28
O'Connor Dr / Curity Ave,43.707582,-79.311439,7,7
Humber College (Lakeshore Campus),43.5961692,-79.5160575,21,6
Eglinton Ave W / Oakwood Ave,43.69705023028765,-79.4437599043325,0,15
Bay St / Charles St W - SMART,43.668153,-79.38891,1,19
Primrose Ave / Davenport Rd,43.67142,-79.445947,5,10
Ted Rogers Way / Bloor St E,43.671293,-79.380471,3,19
Lake Shore Blvd W / Colborne Lodge Dr,43.63771,-79.458173,2,21
Weston Lions Park,43.698841,-79.519472,2,22
Oriole Pkwy / Kilbarry Rd,43.6954486,-79.4026176,0,17
Highfield Rd / Gerrard St E,43.671771,-79.324961,18,0
Grand Avenue Park,43.623708,-79.490054,3,19
The Esplanade / Hahn Pl,43.649709,-79.364184,13,2
Front St E / Scott St (2),43.6476241415141,-79.37552498892019,9,2
Church St  / Wood St,43.662712,-79.379903,16,9
Bayview Ave / Lawren Harris Square,43.6548521,-79.35397680000001,13,0
King St W / Bay St (West Side),43.64852,-79.380576,1,38
Bloor St E / Parliament St,43.671946102001826,-79.37245115337294,11,6
128 Sterling Rd - SMART,43.654004,-79.444792,4,15
Jane St / Lawrence Ave W,43.702340220597975,-79.50347389514123,0,14
519 Church St ,43.6668334195837,-79.38120391054117,3,8
Ossington Ave / Bruce St,43.64570236705167,-79.41933192053696,1,14
Islington Subway Station (Aberfoyle Cres),43.645658591546216,-79.52339938954925,6,9
Spadina Ave / Fort York Blvd,43.640114,-79.393249,11,10
Vanauley St / Queen St W - SMART,43.648437,-79.39838,10,1
Howard St / Rose Ave,43.671278,-79.372127,3,15
Brooklawn Ave / Kingston Rd,43.721761400691236,-79.2359137196434,3,8
Salem Ave / Bloor St W,43.6608333,-79.43166666666667,2,13
Gunns Rd / Lavender Creek Trail,43.675531973168354,-79.47199740066374,1,14
Lake Shore Blvd W / Bathurst St,43.63675592256874,-79.39920538954927,15,6
Front St W / Bay St (North Side),43.646162,-79.378912,0,11
Greenwood Ave / Gerrard St E,43.67036917803197,-79.32782698645094,8,5
Trethewey Dr / Jane St,43.697417070558615,-79.50079830912324,2,14
Don Mills Rd / Goodview Rd,43.785346474479695,-79.35362921031188,11,4
25 Booth Ave,43.6544839,-79.34105699999999,1,3
Danforth Ave / Danforth Rd,43.69362206784152,-79.27710529695892,4,11
Lake Shore Blvd W / The Boulevard Club,43.636731,-79.444966,6,6
Thorncliffe Park Dr / Leaside Park Trail,43.70400405297843,-79.34807015078738,2,12
Lawrence Ave W / Pine St,43.70177452503352,-79.50850451132469,0,15
University Ave / Gerrard St W (East Side),43.657763,-79.389165,0,25
Ruddington Dr / Finch Recreational Trail,43.789781888844246,-79.38988621716194,2,15
3220 Bloor St W,43.646186757495194,-79.51762536747455,20,12
Cosburn Ave / Durant Ave,43.6935477,-79.3301658,11,4
Eastview Park,43.759071409320356,-79.18945281711036,1,10
Stansbury Cr / Midland Ave,43.742513527508905,-79.26124310383767,2,9
Marlee Ave / York Beltline Trail,43.70163,-79.44099,1,18
King St W / Bay St (East Side),43.648575,-79.380042,1,16
Bloor St W / Balmuto St,43.66981064282057,-79.38801106873031,0,11
Claremont St / Dundas St W,43.651281,-79.411717,13,0
HTO Park (Queens Quay W),43.63796,-79.387502,14,10
Charles St W / Balmuto St - SMART,43.668427,-79.38725,3,20
King St W / Brant St,43.645102,-79.39744979999999,16,6
Lawton Blvd / Yonge St,43.6910667,-79.39535,5,8
Grenoble Dr / Vendome Pl,43.715537998967406,-79.32811427663442,3,6
Chiltern Hill Rd / Eglinton Ave W,43.7004017,-79.4275305,3,14
14 Arundel Ave,43.6784834,-79.3513564,2,10
Antler St / Campbell Ave - SMART,43.664182,-79.449066,2,18
Keele St / Ingram Dr,43.698706949666914,-79.4756586460327,8,4
St. Clair Ave W / Castleton Ave,43.668496,-79.485426,1,17
Euclid Ave / Queen St W - SMART,43.64656806400965,-79.4076868902591,4,4
Emdaabiimok Ave / Lake Shore Blvd E,43.662771,-79.315223,12,3
Highview Ave / Kennedy Rd,43.702418581463505,-79.2563167072858,5,10
Emerson Ave / Bloor St W,43.658739,-79.440691,1,21
St Clair Ave W / Oakwood Ave,43.678177,-79.435364,2,10
Bellamy Rd S / Kingston Rd,43.7323277855009,-79.22496619876934,1,17
Queens Quay W / Lower Simcoe St,43.63951,-79.383717,3,12
Fulton Ave / Pape Ave,43.68395,-79.347046,10,9
165 McRae Dr,43.70587454662511,-79.36800595602851,5,10
Union Station (North),43.645808552646564,-79.38054652324743,2,14
Church St / Shuter St,43.65505698168995,-79.37651024603271,12,1
Spadina Ave / Bulwer St- SMART ,43.649354475273796,-79.39675713332855,8,2
Crawford St / Lobb Ave,43.64654941401018,-79.41558900317995,11,12
Wellington St W / Blue Jays Way,43.64473387070102,-79.39168963262681,19,2
Dawes Rd / Taylor Creek Trl,43.696631,-79.297436,15,2
King St W / Stafford St,43.6422222,-79.41111111111111,2,11
Sunrise Ave / Victoria Park Ave,43.71940912890232,-79.30226117096939,1,10
Florence Gell Park,43.66196582326018,-79.49851065277862,13,0
Orchard Park,43.66908,-79.3149,18,1
Dubray Ave / Wilson Ave,43.728617628977695,-79.47800122943039,13,6
Carlaw Ave / Strathcona Ave,43.6753188,-79.3462789,2,12
St. Clair Ave W / Caledonia Rd,43.67566643384946,-79.45393093300397,0,11
Exbury Rd / Jane St,43.729522486553826,-79.5101425092621,6,9
Armel Ct / Albion Rd,43.721532966873205,-79.5455834809678,3,13
Danforth Ave / Aldridge Ave,43.684758,-79.316767,6,5
Alton Ave / Dundas St E (Greenwood Park),43.66745,-79.329408,8,15
Finch West Subway Station,43.76521,-79.491281,7,15
College St / Major St,43.6576,-79.4032,4,6
Bathurst St / Adelaide St W,43.645324,-79.40345,8,16
Ancaster Rd / Spalding Rd,43.73359486358252,-79.46651489022999,2,13
Front St W / Spadina Ave,43.64235480340359,-79.39519751877137,10,6
Bartley Park ,43.72211166436462,-79.30864830919265,2,13
Wilmington Ave / Kennard Ave,43.76115848103729,-79.4560000049282,5,6
Weston Rd / Lanyard Rd,43.748713,-79.541808,5,8
Woodbine Ave / Lake Shore Blvd E,43.665645,-79.304711,17,10
Metro Hall Plaza,43.645859,-79.38783,6,18
Annette St / Jane St,43.658574,-79.487246,6,8
Princes' Gates,43.63467323676012,-79.40897321886649,0,15
Gould St / Mutual St,43.6582,-79.3768,28,1
Bert Robinson Park,43.688028,-79.460265,2,13
Torresdale Ave / Finch Ave W,43.77245563489829,-79.45102085413427,12,6
Portland St / Queen St W,43.6476,-79.4015,3,7
Bay St / Wellesley St W,43.664088,-79.387095,6,26
Lansdowne Ave / Seaforth Ave ,43.642904395956684,-79.43746059447746,9,4
200 Bloor St E,43.671561,-79.38117,0,21
King St W / University Ave,43.64781808540915,-79.38427999073791,0,34
Fleming Cres / Bayview Ave,43.707045,-79.375437,3,12
Scarborough GO Station,43.7170472128686,-79.25461030789113,19,3
Eglinton Ave W / Venn Cres,43.69143920681119,-79.46908634795456,0,19
Bleecker St / St James Ave,43.669232,-79.374495,16,5
Spadina Rd / St. Clair Ave W,43.683979,-79.410657,0,15
Danforth Ave / Warden Ave,43.6950192,-79.27180659999999,1,14
Eglinton West Subway Station,43.69867103968614,-79.43680738560357,1,18
Sentinel Rd / Finch Corridor Trail,43.7641485,-79.5012809,8,19
Bloor St W / Dundas St W (2),43.64285244644315,-79.53199489206543,3,10
80 Clinton St,43.656296,-79.414663,3,12
Sunnyside - Gus Ryder Pool,43.637894,-79.454823,4,21
Widmer St / Adelaide St W - SMART,43.647547634759206,-79.39155200496292,6,5
Pacific Ave / Glenlake Ave,43.65716,-79.46478,6,15
Rosedale Park (20 Scholfield Ave),43.682645,-79.377557,6,17
Jane St / Woolner Ave (Woolner Park),43.67119618326082,-79.49337217955949,2,11
Beverley St / Dundas St W,43.652823,-79.393388,9,20
St. Clair Ave W / Winona Dr,43.680466,-79.432522,1,10
Concord Ave / Bloor St W,43.66189,-79.42679,0,14
Lower Don River Trail and Taylor Creek Trail,43.7027268,-79.33368089999999,9,8
Lake Shore Blvd W / Legion Rd,43.62052630763223,-79.48320224237995,14,4
Morse St / Eastern Ave,43.657991,-79.340075,8,1
Temperance St Station,43.650945,-79.379498,3,51
Moss Park,43.655972,-79.370638,9,2
Rosehill Ave / Avoca Ave - SMART,43.687999,-79.38906,0,16
Gerrard St E / Nasmith Ave ,43.66273618779861,-79.36253100740966,3,18
Garden Ave / Roncesvalles Ave,43.643769,-79.447915,9,8
Glencairn Subway Station,43.70925763810859,-79.44169105036657,6,8
Exhibition GO Station,43.6352007,-79.4187711,0,12
Wakunda Pl / O'Connor Dr,43.71602024377182,-79.3047092517501,3,6
Regal Rd / Dufferin St,43.673939,-79.441159,1,14
Empress Ave / Yonge St,43.769395456625546,-79.41266521769707,1,15
Logan Ave / Gerrard St E,43.6672144,-79.3452697,15,7
Leslie St / Commissioners St  ,43.657275497390124,-79.32661544194183,16,3
Dundas St E / Regent Park Blvd,43.660207,-79.361275,24,0
Eglinton Ave E / Redpath Ave,43.7078691,-79.39248,4,23
Bloor St W / Christie St,43.6638889,-79.41888888888889,1,16
Sherbourne St N / Elm Ave,43.6752732,-79.3778458,6,16
Woodbine Ave / O'Connor Dr,43.699281,-79.318802,3,16
Danforth Ave / Lamb Ave,43.681991,-79.329455,7,8
Danforth Rd / Savarin St,43.74307247062562,-79.24531812219966,1,12
Shaw St / Essex St - SMART,43.667076,-79.425116,1,14
The Well,43.643025055165865,-79.39430137761319,4,5
Elwood Blvd / Avenue Rd,43.707049,-79.40966,0,23
Cherry St / Lake Shore Blvd E,43.64827015761016,-79.35651733677065,2,12
21 Pleasant Blvd (1),43.687211810315254,-79.39269591804246,5,6
Eglinton Ave E / Brentcliffe Rd,43.714305793017544,-79.36089045040129,5,9
Cedar Dr / Eglinton Ave E,43.744208202155754,-79.21564636613158,0,10
Keele St / Dovehouse Ave - SMART,43.7494501,-79.4869662,14,2
Barton Ave / Howland Ave - SMART,43.66842,-79.410585,3,24
75 Thorncliffe Park Dr,43.70518328279426,-79.34224729962946,1,8
YZD,43.7368015,-79.4687878,10,9
Elizabeth St / Elm St,43.6570908165693,-79.38593668834272,3,19
Second St / Lake Shore Blvd W,43.60191488118503,-79.49941888654288,13,0
Queen St E / Rushbrooke Ave,43.6626628,-79.3323698,7,8
Fairview Mall Dr / Fairview Mall Dr E,43.77967215439899,-79.3429500491085,2,16
Gerrard St E / Malvern Ave - SMART,43.685221,-79.294766,4,16
Danforth Ave / Barrington Ave,43.688325,-79.300463,0,14
Scarborough Soccer Centre,43.7154661,-79.2876595,5,14
Sherbourne St / Carlton St (Allan Gardens),43.663102,-79.373181,11,4
Fairglen Cres / Weston Rd,43.70876747477083,-79.53445192394257,0,11
Yonge St / Aylmer Ave,43.675492,-79.388858,1,21
Beltline Trail / Yonge St,43.6962302,-79.39504339999999,3,20
University Ave / Richmond St W,43.64981903446256,-79.38641270251617,2,8
Bloor St W / Old Mill Trl,43.65016869999999,-79.4963345,3,16
Fairmount Park,43.6765897,-79.3163022,19,0
Victoria Park Ave / Edge Park Ave,43.717678679534906,-79.29961580314475,6,11
Noble St / Queen St W,43.64226917409186,-79.42920979115014,14,1
Markham Rd / The Meadoway ,43.77121894873629,-79.22956526983644,0,19
Central Tech  (Harbord St),43.661975,-79.407896,8,1
Victoria Park Ave / Dawes Rd,43.706466,-79.29511,0,17
Thompson St / Broadview Ave - SMART,43.659471,-79.350325,11,11
Birchmount Rd / The Meadoway,43.73893212110537,-79.28118032582971,4,11
Markham Rd / Cougar Crt,43.744988965771036,-79.21944366329879,1,10
St. George St / Bloor St W,43.66713121831853,-79.3995550638237,2,16
College St / Markham St,43.6563888888889,-79.4091666666667,4,10
Queen's Park Cres E / Grosvenor St - SMART,43.661803,-79.389682,0,14
Ling Rd / Morningside Ave,43.766663817888656,-79.18521765344238,14,2
Yonge St / Yorkville Ave,43.671944,-79.387778,6,8
1 Market St,43.6469928,-79.3706665,14,0
Spadina Ave / Dundas St W - SMART,43.652352301216055,-79.39801617693556,2,9
Davenport Rd / McAlpine St - SMART,43.673768,-79.391253,2,10
Midland Ave / Kingston Rd,43.7128578,-79.2487086,11,7
Weston Rd / Gaydon Ave,43.720581848570575,-79.53729089399313,0,11
Firvalley Ct / Warden Ave,43.7032112,-79.2787149,1,17
OCAD University,43.65231552304792,-79.39091185000235,16,4
Galbraith Rd / King's College Rd,43.6603874468082,-79.39537831814152,0,15
Christie St / Benson Ave (Wychwood Barns),43.68,-79.42500000000001,3,16
Portland St / Wellington St W,43.64290167152932,-79.39937033134326,11,4
697 Lansdowne Ave ,43.659221843735615,-79.44277410244676,18,0
University Ave / Pearl St ,43.64836809385241,-79.3853510232788,0,19
Annette St / Dundas St W,43.6641174,-79.4588522,3,11
Mutual St / Shuter St,43.654919677554936,-79.374960865926,19,2
Parkcrest Dr / Kingston Rd,43.73596719224253,-79.21995221481933,2,13
Macpherson Ave / Spadina Rd,43.675791,-79.40698,3,10
Lawrence Ave E / Don Mills Trail,43.73458185912293,-79.35485399272919,3,13
Albion Rd/ Arcot Blvd,43.727621709316395,-79.55254902939286,1,14
Richmond St E / Yonge St,43.651838,-79.378743,2,13
Birchcliff Ave / Kingston Rd,43.691688,-79.265027,11,2
Randolph Ave / Perth Ave,43.6585504,-79.4497659,1,18
Bathurst St / Fort York Blvd,43.639179,-79.399595,17,1
Jane St / Bloor St W (Jane Subway Station),43.64976,-79.48477,12,3
Dundas St E / Boulton Ave - SMART,43.663148,-79.347938,11,4
Amos Waites Park,43.613606,-79.4883535,26,0
King St E / River St,43.656784782853144,-79.35627385059036,14,0
Lansdowne Subway Station,43.65922918158098,-79.44320901022282,2,20
Twelfth St / Thirteenth St,43.6002896,-79.5108692,21,0
Oak St / Sumach St,43.6617908,-79.361515,24,1
Berkeley St / Dundas St E - SMART,43.658816,-79.367318,20,16
Bathurst Subway Station,43.6666667,-79.41166666666668,8,14
King St W / Fraser Ave,43.6394444,-79.42527777777778,11,3
Dundas St W / St Helen's Ave - SMART,43.6504218,-79.4407647,3,22
Kingston Rd / Warden Ave,43.68824135931814,-79.27046628033244,3,11
Cruickshank Park,43.7023860650084,-79.52594758324148,0,11
York Mills Rd / Lesmill Rd,43.7549215557014,-79.35174838465576,12,1
Dufferin St / Bloor St W,43.66083333333333,-79.43583333333333,4,17
Pioneer Village Subway Station,43.77649016265579,-79.5085364909097,9,1
Yonge St / Dundonald St ,43.66596010067729,-79.38461360978698,1,25
Church St / Alexander St,43.663722,-79.380288,1,32
Riverdale Park South (Broadview Ave),43.667819,-79.35347,2,12
552 Birchmount Rd,43.71176278859601,-79.27028152889692,1,14
Shaughnessy Blvd / Sheppard Ave E,43.77351462694018,-79.35306224113921,11,2
Jane St / Finch Ave W,43.759292283169536,-79.5183741465576,9,6
King St W / Wilson Park Blvd,43.6372958,-79.4423237,3,15
Beltline Trail / Chaplin Cres,43.704461,-79.423122,3,12
Howard St / Sherbourne St,43.6712581,-79.376367,22,7
Benshire Dr / The Meadoway,43.76174092019504,-79.24473961415558,1,10
St Clarens Ave / College St,43.651238,-79.43868,6,7
11 Spadina Rd,43.6677246,-79.4041365,3,12
Brookdale Ave / Yonge St,43.72991999271573,-79.40372719797139,3,11
Victoria Park Ave / Kingston Rd,43.68035,-79.28357,2,12
Palmerston Ave / Dundas St W,43.651603,-79.408346,5,15
Old Cummer GO Station,43.79442338280241,-79.36925879507179,11,9
Strachan Ave / East Liberty St - SMART,43.63906470236988,-79.41080996164456,17,4
Tommy Thompson Park (Leslie Street Spit),43.65222662225532,-79.32295440954084,15,14
Eglinton Ave E / Mason Rd ,43.742037440522616,-79.22488680080262,0,11
Grenville St / Yonge St ,43.662029346625715,-79.38360958402289,6,8
Livingston Rd / Guildwood Pkwy,43.747854,-79.199327,0,19
Polson Pier,43.641675,-79.354006,1,20
Cherry Beach,43.637764,-79.345359,1,47
Little Norway Park,43.635023,-79.399505,9,11
Heyworth Cres / Kingston Rd,43.6750806,-79.3068697,13,6
Hillsdale Ave W / Yonge St,43.7029672,-79.3979073,0,15
Christie St / Dupont St,43.67168,-79.421192,4,15
Victoria Park Subway Station - SMART,43.695101521988285,-79.28970303201599,2,10
Opposite 1103 Leslie St,43.72093164598881,-79.34989416350709,13,3
Elm St/ University Ave (East Side),43.65637299999999,-79.38781039999999,3,13
Queen St. E / Eastern Ave,43.667208,-79.312315,3,10
75 Tandridge Cres,43.729578273586064,-79.54699793872719,4,11
McRae Dr / Laird Dr - SMART,43.70979296822595,-79.36389214460489,13,11
Gerrard St E / Broadview Ave  - SMART,43.665656,-79.352055,13,3
Yonge St / Bloor St,43.669969,-79.386532,1,18
King St W / York St (2),43.647968822765,-79.38316961352653,0,18
Lisgar St / Dundas St W - SMART,43.6493472,-79.42668,3,4
College St / Henry St ,43.6591529,-79.3947953,2,12
Sherbourne St / Isabella St,43.669576,-79.375961,11,6
Front St E / Cooperage St,43.65296378015573,-79.35711048354281,10,0
Yonge St / Alexander St - SMART,43.662862,-79.383572,0,17
Fort York Blvd / Grand Magazine St,43.63758782904466,-79.40314232209015,13,2
Bathurst St / Sheppard Ave W,43.7551762288098,-79.43812182651081,1,12
Kennedy Rd/Ranstone Gdns (Jack Goodlad Park),43.74190570940633,-79.27181887640458,2,13
Dundas St W / Prince Edward Dr N,43.660324268765464,-79.51154350422973,1,16
Royal York Rd / Lake Shore Blvd W,43.6029904,-79.4926867,16,1
Armoury St / Chestnut St,43.65351799690878,-79.38591063795928,9,3
Humberside Grounds - SMART,43.65917,-79.46997,0,19
Lower Sherbourne St / The Esplanade,43.648655,-79.367061,23,0
Symes Rd / Glen Scarlett Rd - SMART,43.673391524931525,-79.47798367814572,0,16
Bloor St W / Riverside Dr,43.647663,-79.487583,3,19
Goodwood Park Crt / Dentonia Park,43.694826,-79.295208,1,18
Dundas St W / Crawford St,43.649722,-79.416944,23,21
Amroth Ave / Danforth Ave,43.6856128,-79.31168269999999,13,6
Homewood Ave / Wellesley St E - SMART,43.666978011780685,-79.37594518686855,8,3
Downsview Park Subway Station - SMART,43.753107,-79.479626,2,18
Strachan Ave / Princes' Blvd,43.635,-79.4088888888889,1,15
Alameda Ave / Vaughan Rd - SMART,43.690903,-79.4375028,0,16
Sheppard Ave E / Leslie St,43.77114830031903,-79.36381166455688,13,5
Merton St / Mount Pleasant Rd,43.697819,-79.38786,0,23
King St W / Tecumseth St,43.64333333333333,-79.40555555555557,15,2
Simcoe St / King St W,43.647508351306186,-79.38604436555764,0,13
Mill St / Parliament St,43.650256,-79.36163,14,1
Queen St E / Rhodes Ave,43.666224,-79.317693,14,8
High Park Blvd / Parkside Dr,43.64456431942226,-79.45737058972283,13,1
Gerrard Square Mall (1010 Gerrard St E),43.668553,-79.338673,21,1
Jane St / Haney Ave,43.6743457123134,-79.4948437786083,1,17
Talbot Rd / Finch Hydro Corridor,43.78225298110634,-79.42367062831116,3,11
Davenport Rd / Christie St,43.675278,-79.423889,3,24
York St / Queen St W (City Hall),43.65160619179464,-79.38404693334348,3,20
St. George St / Hoskin Ave,43.6637403,-79.39806449999999,0,12
Felstead Ave/Gillard Ave (Monarch Park),43.6791345,-79.3263159,11,16
Lumsden Ave / Cedarvale Ave,43.693187,-79.314283,6,5
Jarvis St / Maitland Pl,43.6647688,-79.3772602,13,2
Livingston Rd (Highland Creek Trail),43.7561681,-79.2026694,0,18
Hawksbury Dr / Sheppard Ave E ,43.76816239444779,-79.38312075158996,5,5
College Park - Yonge St Entrance,43.65988,-79.38279,3,21
Maida Vale Park,43.73310396818645,-79.27702819926358,5,6
Birchmount Rd / Kingston Rd,43.69401297794256,-79.26257204548136,7,7
Richmond St W / Bathurst St,43.64666748425228,-79.40299591349182,11,3
Kingston Rd / Ridgemoor Ave,43.70643614257429,-79.25104443353288,1,12
Shaw St / College St,43.6551193,-79.4201454,7,4
Mabelle Park,43.645389479325615,-79.5276822170925,1,14
Lake Shore Blvd W / Seventeenth St,43.59841926031898,-79.51561102394257,10,0
111 Broadview Ave,43.6593483,-79.34993659999999,11,4
Colonel Danforth Park,43.7777114,-79.1659711,10,8
Ionview Rd / Eglinton Ave E,43.73170279350989,-79.27149201786922,6,5
Spadina Ave / Adelaide St W,43.6472019,-79.3953394,4,8
Joseph J Piccininni Community Centre,43.675648,-79.4527619,2,17
Exhibition GO (Atlantic Ave),43.637695491830144,-79.42023184193503,0,15
Rockcliffe Blvd / Alliance Ave,43.67651939727437,-79.48942027086547,0,8
Broadview Ave / Westwood Ave,43.6848652,-79.356602,19,4
Western Battery Rd / Pirandello St,43.640075,-79.414156,10,20
Ward's Island Ferry Dock,43.62946009688497,-79.35615465421839,9,15
Gibraltar Point Beach,43.613194,-79.387683,0,34
Gordonridge Pl / Danforth Rd,43.72729077290258,-79.25237907196654,1,14
Bathurst St / Front St W,43.64134790000001,-79.4013882,29,2
Queen St E / Nursewood Rd,43.673831,-79.281455,15,3
Kingston Rd / Markham Rd,43.73878438927323,-79.21746485700835,1,14
Danforth Ave / Gough Ave,43.678401,-79.346289,13,11
E.T. Seton Park (Eglinton Ave E / Leslie St),43.715951,-79.351246,13,12
Brimley Rd / McCowan District Park,43.72704086366749,-79.24391402446746,8,10
36 Park Lawn Rd,43.62369169999999,-79.4838132,3,9
Bridlewood Park,43.783271135570466,-79.31732800144945,1,9
Simcoe St / Wellington St W North,43.6462176,-79.3855048,5,8
Humber Bay Shores Park East,43.6308933,-79.4722622,21,1
Ridge Rd / Wilson Ave ,43.723786959308256,-79.49416269814759,3,16
2300 Lakeshore Blvd W,43.61868,-79.48674,12,0
Wellesley St E / Jarvis St,43.6662047,-79.37901219999999,1,21
Howard Park Ave / Parkside Dr,43.648657,-79.458111,4,10
Ramsden Park,43.676184561302776,-79.38962496400146,2,13
Sackville St / Eastern Ave - SMART,43.653809,-79.3595,12,0
Willingdon Blvd / Bloor St W (Green P),43.64817,-79.510392,2,11
Niagara St / Richmond St W,43.64534,-79.409597,17,23
Simcoe St / Pullan Pl,43.65105290412541,-79.38764943227872,1,41
Dalton Rd / Bloor St W,43.6662942,-79.4066433,3,10
Bond Ave / Don Mills Trail,43.74475834253035,-79.35348069940567,7,12
Grenoble Dr / Gateway Blvd,43.71513211098082,-79.33413623320465,10,4
King St E / Victoria St,43.6495789,-79.3762096,7,11
Kendal Ave / Bernard Ave,43.671513,-79.408317,13,1
Oak St / Sackville St,43.6613642,-79.3641171,18,0
Hanna Ave / Liberty St,43.638608601636705,-79.41965437361068,3,25
Kendal Ave / Spadina Rd,43.670318,-79.405181,2,7
McGill St / Church St,43.660694,-79.379052,17,1
Lynn Williams St / Pirandello St ,43.639124514797004,-79.41423166721611,11,4
Coronation Park (Martin Goodman Trail),43.635007,-79.403341,2,15
Waterfront Trail (Rouge Hill),43.778015,-79.131911,5,6
Summerhill Subway Station,43.68201189061227,-79.39130701852416,2,8
Walter Saunders Park,43.699327072589426,-79.4493630391668,4,8
Broadview Subway Station,43.6772,-79.35858,10,4
Beaty Ave / Queen St W,43.6393107,-79.4408141,15,3
Gilder Dr / Midland Ave,43.7365986,-79.2578451,7,8
East Lynn Ave / Danforth Ave,43.6850809,-79.3149901,3,11
Humber Bay Shores Park / Marine Parade Dr,43.626265,-79.476723,25,36
Wilket Creek Park,43.720645,-79.355474,10,16
Balliol St / Yonge St - SMART,43.6978701,-79.39419,5,30
Cherry St / Distillery Ln,43.650279,-79.356832,11,2
Ellis Ave / The Queensway,43.63855,-79.46693,13,1
Ulster St / Bathurst St,43.66,-79.4088888888889,8,0
Hayter St / La Plante Ave,43.6591666666667,-79.3855555555556,3,19
Lisgar St / Queen St W - SMART,43.64299174164139,-79.42355911563249,16,1
King's Mill Park,43.64920406876699,-79.49336334201408,4,23
Richmond St E / Jarvis St Green P,43.652634,-79.374222,8,8
Scrivener Sq / Yonge St,43.680566503025645,-79.3908297264401,3,12
Rogers Rd / Bicknell Ave,43.68189526215492,-79.4736382392868,2,21
Soudan Ave / Yonge St ,43.70430959999999,-79.3972815,8,10
Ferrand Dr / Rochefort Dr,43.719632535237835,-79.33199950866776,5,13
Yonge St / Orchard View Blvd,43.7083577,-79.39886200000001,18,15
East Liberty St / Western Battery Rd,43.6392777,-79.4115736,18,0
Yonge St / North York Blvd,43.76726589934926,-79.41263489814757,3,20
Lake Shore Blvd W / Thirty Ninth Street,43.5927419,-79.54033009999999,6,13
Euclid Ave / Bloor St W,43.664467,-79.414783,7,11
Dundas St E / Parliament St,43.659575,-79.365769,12,1
Lisgar Park,43.6423847,-79.4240277,23,11
Lake Shore Blvd W / Long Branch Ave,43.59445833196281,-79.53387390859834,3,8
Lillian St / Soudan Ave - SMART,43.70607287248461,-79.39356161653288,2,29
Cosburn Ave / Donlands Ave,43.690537,-79.341307,12,6
Luttrell Ave / Danforth Ave,43.6897656,-79.2939525,0,15
Jane St / Queens Dr,43.70673804962302,-79.50477543802873,0,13
Bloor St W / High Park Ave (High Park),43.6535269,-79.4650569,3,18
Scarlett Rd / Eileen Ave,43.668510906505354,-79.5007648392868,4,10
Front St E / Scott St,43.6476616,-79.37549,8,2
Queen St W / Dovercourt Rd,43.6438602,-79.4227573,4,5
Warden Ave / The Meadoway,43.735547813563755,-79.2905190837737,9,0
Lake Shore Blvd W / Ellis Ave,43.635932,-79.465083,11,7
Dundas St W / St. Patrick St,43.6545174,-79.3895315,13,4
Yonge St / Golfdale Rd,43.732016,-79.403637,1,14
Ossington Ave / Harrison St,43.651111111111106,-79.4213888888889,8,9
35 Erindale Ave,43.67729,-79.35741,17,4
Adelaide St W / Strachan Ave,43.643253094827294,-79.41230469904167,11,4
Duncan Mill Rd / Valleybrook Dr,43.76167125342455,-79.35258302698364,2,13
The Kingsway / Ashley Rd,43.66279594478841,-79.51959827976225,2,11
Northern Dancer Blvd / Lake Shore Blvd E,43.663162,-79.309765,17,7
Weston Rd / St. Clair Ave W,43.673019,-79.467994,2,15
Albany Ave / Dupont St,43.67348899977229,-79.41339520555726,2,12
Concord Ave / Dewson St,43.656945,-79.424911,14,3
Dufferin St / Finch Corridor Trail,43.7724019,-79.4675395,2,16
1525 Dundas St W,43.64957,-79.432446,3,11
Princess St / Front St E,43.650297574961044,-79.36648460341635,9,0
Pharmacy Ave / Danforth Ave,43.6929478,-79.28339980000001,1,14
Scarborough Village Park,43.74715113437855,-79.21450235913849,0,11
Scott St / The Esplanade,43.64659663170443,-79.37530913867988,9,6
St. Clair Ave W / Gunns Rd,43.672079,-79.470171,0,22
Sorauren Ave / Geoffrey St - SMART,43.649172,-79.4445087,4,10
Downsview Park Blvd / Keele St  - SMART,43.73673829262113,-79.48227195568086,13,6
Winona Dr / Davenport Rd,43.674923,-79.430465,2,8
Bloor St W / Manning Ave - SMART,43.663912,-79.416124,4,37
Gerrard St E / Victoria Park Ave - SMART,43.686962,-79.286864,2,14
Toronto Inukshuk Park,43.6323994,-79.40978179999999,0,42
Finch Ave E / Midland Ave,43.80356565011367,-79.28669605472409,1,14
Mount Pleasant Rd / Davisville Ave - SMART,43.70088225686968,-79.38736016665911,2,12
Finch Subway Station ,43.781877158752955,-79.41528502874928,3,16
Wilson Ave / Transit Rd (TTC Subway Station),43.733458993753736,-79.45338806896149,9,14
Maxome Ave / Finch Hydro Corridor,43.78611619378111,-79.40039054088744,1,18
Willcocks St / St. George St,43.662085,-79.397735,4,11
Queens Quay E / Lower Sherbourne St,43.645215,-79.364898,21,3
Bridgman Ave / Kendal Ave,43.675556,-79.410278,1,14
Langford Ave / Danforth Ave - SMART,43.6800218,-79.3405681,25,7
St. George St / Willcocks St,43.662452744495575,-79.3978384219513,14,20
Prudential Dr / Midland Ave,43.74956621257908,-79.26572190926208,0,14
Eglinton Ave W / Ennerdale Rd,43.695032348609836,-79.45302971031188,0,14
Wallace Ave / Pauline Ave,43.6632257,-79.4397052,5,11
Lonsdale Rd / Spadina Rd,43.688526,-79.412903,2,8
Parkway Forest Dr / Forest Manor Rd (North),43.77470557954765,-79.34275329457512,5,12
Concord Ave / Bloor St W (South),43.661473871590324,-79.4267678838427,0,9
Roncesvalles Ave / Fermanagh Ave,43.646314469245205,-79.44879407014527,15,2
Warden Subway Station,43.71161098023304,-79.28055565662231,1,17
Riverdale Park North (Broadview Ave),43.671172,-79.354704,9,5
803 Richmond St W,43.644381896942434,-79.4108533793123,4,0
Queen St E / Berkeley St,43.6552778,-79.36583333333333,12,1
Queen St. E / Spruce Hill Rd.,43.672571,-79.289,5,10
Gerrard St E / Main St,43.684261,-79.299332,0,22
Bay St / Queens Quay W (Ferry Terminal),43.640978,-79.376785,18,14
Wellesley Station Green P,43.66496415990742,-79.38355031526893,1,19
Baldwin St / Spadina Ave - SMART,43.654905,-79.398448,16,0
Tyndall Ave / King St W - SMART,43.638426,-79.429142,11,5
Front St W / Blue Jays Way,43.643473,-79.390477,3,10
Gerrard St E / River St,43.663993,-79.358534,7,2
King St E / Jarvis St,43.650325,-79.372287,17,4
Bay St / Harbour St ,43.64215,-79.377,22,0
Thompson St / Carroll St,43.65907064983235,-79.35240134225845,11,7
Hillsdale Ave E / Mount Pleasant Rd,43.70512126615395,-79.3890271081274,3,12
Bloor St W / Kingsmill Rd,43.64927890131737,-79.50312995581972,0,10
Don Mills Rd / Fairview Mall Dr,43.77888550790407,-79.34837169762268,5,9
Berkeley St / Adelaide St E - SMART,43.653359,-79.365023,12,0
Front St W / University Ave (1),43.6451635,-79.3831757,12,6
Danforth Rd / Birchmount Rd ,43.70688,-79.26850999999999,1,14
Dunn Ave / Queen St W,43.639522754211804,-79.43395976815727,10,4
Braemar Ave / Eglinton Ave W,43.7041957,-79.4094472,1,14
John St  / Mercer St - SMART,43.6461,-79.3895,0,9
800 Fleet St (North),43.63682856154585,-79.40884160367011,26,1
Village Green Square,43.77826306735535,-79.28174956176564,1,13
25 York St – Union Station South,43.643667,-79.380414,9,2
Lawrence Ave W / Marlee Ave,43.715552692740914,-79.4461544565374,0,14
Nelson St / Duncan St,43.648711,-79.389728,21,7
Finch Ave W / Bathurst St,43.77356135731388,-79.44404830910908,5,13
Essex St / Christie St,43.6686111,-79.42027777777778,13,6
Lawrence Ave W / Bathurst St,43.71901032217961,-79.43009089116728,1,10
Eastwood Rd / Woodbine Ave - SMART,43.676216,-79.309395,6,9
G Ross Lord Park,43.7781116,-79.467963,0,19
Briar Hill Ave / Yonge St - SMART,43.713524,-79.400162,3,12
D'Arcy St / McCaul St - SMART,43.655227,-79.39201,9,4
Crawford St / Queen St W,43.645665,-79.415345,6,11
Queen St W / Ossington Ave,43.643975,-79.419576,16,26
Albany Ave / Bloor St W,43.66554144421798,-79.41010317605742,4,10
Bloor St W / Shaw St - SMART,43.662403,-79.423098,1,31
York St / Wellington St W (2),43.647043061824,-79.38314120681535,0,26
Lumsden Ave / Eastdale Ave,43.69413548199171,-79.30058718775287,5,15
Huntingwood Dr / Midland Ave,43.79684976584188,-79.28434245942852,4,4
Parliament St / Aberdeen Ave,43.665278,-79.368333,5,9
Driftwood Ave / Finch Corridor Trail,43.7603624,-79.5162777,5,14
Keele St / Annette St,43.66402,-79.46418,3,10
Lower Spadina Ave / Lake Shore Blvd W,43.638497,-79.39192,15,0
Temperance St / Bay St,43.6506,-79.381285,9,12
St. Clair Ave W / Robina Ave,43.68005,-79.43469,1,14
Colgate Ave / Carlaw Ave,43.6623658,-79.3413344,8,10
Park Lawn Rd / Berry Rd,43.63605238134247,-79.49325238769686,7,5
Lake Shore Blvd E / Leslie St,43.659195,-79.329196,15,4
51 Parliament St,43.652169,-79.362841,11,7
Emmett Ave,43.68735514096443,-79.50623313806341,2,16
York St / Harbour St (Love Park),43.64101663053319,-79.38035903750381,1,12
Bloor St W / Dundas St W,43.6563889,-79.45166666666667,1,14
Humber River Hospital ,43.72537884183677,-79.48719674218903,4,10
60 Carl Hall Rd - SMART,43.74796393423666,-79.47521217354125,7,13
Bay St / St. Joseph St,43.665527,-79.387499,2,12
Yonge St / Dundas Sq,43.655766,-79.3802,2,26
Bay St / College St (West Side) - SMART,43.660087,-79.385655,0,16
Amelia St / Sumach St,43.66852,-79.363525,4,2
Bond St / Queen St E,43.653236,-79.376716,14,20
Church St / Dundas St E - SMART,43.657024,-79.377257,19,1
Arlington Parkette,43.69105005197055,-79.43281746494293,0,15
Mortimer Ave / Carlaw Ave SMART,43.685167,-79.34962,10,2
Kingston Rd / Beech Ave,43.680095,-79.291714,5,8
Saulter St / Queen St E - SMART,43.65897697159562,-79.34715316627046,11,5
Rusholme Park Cres / College St,43.65277778,-79.42972222,2,11
Boston Ave / Queen St E- SMART,43.661601650964336,-79.33894582857273,7,4
Augusta Ave / Dundas St W,43.652473,-79.401456,3,9
Hocken Ave / Vaughan Rd,43.6817346,-79.4184725,1,17
12 Harbour St,43.6425636,-79.3762,11,3
York Recreation Centre,43.688153079245126,-79.48219789940566,2,20
Tobermory Dr / Finch Corridor Trail,43.7611741,-79.5114452,3,16
20 Charles St E,43.6691099,-79.38551,11,5
Priscilla Ave / Dundas St W,43.664665,-79.489385,0,23
Queens Quay E / Freeland St,43.64249948081925,-79.37285779318468,18,2
Dufferin St / Sylvan Av (Dufferin Grove Park),43.6555556,-79.43361111111112,11,6
Shuter St/River St,43.659296,-79.358035,15,0
York University Station (South) - SMART,43.77345,-79.5002,3,13
Frederick St / King St E,43.651118,-79.369411,42,4
19 Glendora Ave,43.75921143833388,-79.40960364801701,7,4
Wallace Ave / Symington Ave - SMART,43.661324,-79.449534,0,11
University Ave / Queen St W,43.65052424212547,-79.38672702579497,0,15
King St W / Joe Shuster Way,43.639444,-79.423611,19,1
Simcoe St / Wellington St W South,43.6458569,-79.3853654,2,23
Nassau St / Bellevue Ave,43.65484215542248,-79.40351232494366,10,3
Hanlan's Point Ferry Dock,43.6278286673252,-79.38962156604123,3,36
Pretoria Ave / Broadview Ave,43.6783213,-79.35822,12,7
Neil McLellan Park,43.65143,-79.47779,9,4
Dundonald St / Church St,43.66663,-79.38148,28,11
Union Station,43.645609,-79.380386,1,23
Bathurst St / Housey St,43.63781903961206,-79.40013176752855,18,3
Avenue Rd / Macpherson Ave ,43.67794376009951,-79.39836278587889,4,10
190 Queens Quay E,43.6451308,-79.36536439999999,13,2
265 Armadale Ave,43.6501644,-79.48296909999999,21,0
Logan Ave / Eastern Ave - SMART,43.657925501075496,-79.34143486929416,10,1
Gladstone Ave / Queen St W,43.64314139337404,-79.42728015945511,14,1
1 Shortt St,43.69592993313034,-79.45190139609524,28,1
Lake Shore Blvd E / Knox Ave,43.660206,-79.3244,4,7
Wychwood Ave / Benson Ave - SMART,43.6809164,-79.4229684,0,16
Morningside Ave / Kingston Rd,43.769079266710015,-79.18711363068849,7,7
Queen St W / Shaw St,43.6442457,-79.41610440000001,17,6
Victoria Park Ave / Patrick Blvd ,43.7777592874974,-79.32390892420574,3,9
Lake Shore Blvd W / Brow Dr,43.591410003452495,-79.54418190344097,6,8
The Pond Rd / Sentinel Rd,43.7696262,-79.5025943,2,24
365 Lippincott St,43.6649482,-79.40947,28,6
St. Clair West Subway Station - Heath St. W,43.686352,-79.415894,5,16
Fort York  Blvd / Capreol Ct,43.639832,-79.395954,36,9
Lawrence Ave E / Overture Rd,43.76564053924766,-79.19961493121338,3,3
Lansdowne Ave / Whytock Ave,43.6538888888889,-79.4413888888889,3,12
Queens Park Cres / College St ,43.66018127636866,-79.39083271520538,0,20
Kewbeach Ave / Kenilworth Ave,43.666325,-79.3014,10,9
Queens Quay E / Merchants' Wharf,43.64643026333144,-79.3618163165329,23,2
Lake Shore Blvd W / Windermere Ave,43.634896,-79.467763,17,0
Sumach St / Carlton St (Riverdale Farm),43.665867,-79.362506,10,1
Bloor St W / Pacific Ave,43.65412449999999,-79.4636388,2,3
Marie Curtis Park,43.5880774,-79.5432067,9,14
College St / Crawford St,43.655,-79.418889,9,9
Dundas St E / Pembroke St ,43.658295,-79.372346,13,0
Wells St / Brunswick Ave,43.67105163758377,-79.40904755211488,3,10
Rogers Rd / Prospect Cemetery,43.68323,-79.455765,1,22
Carlaw Ave / Danforth Ave,43.678248142816344,-79.34709655456162,8,6
Hubbard Blvd / Balsam Av,43.669328,-79.288949,6,12
Spadina Ave / Sussex Ave ,43.66402799999999,-79.40297869999999,18,13
541 Huron St - SMART,43.670206,-79.402643,8,8
Judson St / Royal York Rd,43.6162721,-79.4990363,0,16
Fort York Blvd / Bathurst St - SMART,43.639052,-79.399792,15,5
Keele St / Vine Ave,43.66686,-79.46526,2,20
College Park South,43.65945682499,-79.38236466864778,6,11
1926 Lake Shore Blvd W,43.6357643,-79.4674917,21,0
Wellington St W / Stafford St,43.6409957,-79.40966630000001,16,4
Centennial College (Ashtonbee Campus),43.73003601845614,-79.2920036521843,9,10
Chatham Ave / Byron Ave,43.6798678328407,-79.33424613862303,7,8
Niagara St / Portland St,43.6425791,-79.40011729999999,7,3
Carlaw Ave / Dundas St E,43.665076,-79.341509,11,4
Sunnybrook Health Centre - S Wing,43.720998,-79.377456,1,10
Tiago Ave / Westview Blvd,43.71101621552703,-79.30675743891624,4,11
Wynford Heights Cres / Concorde Pl,43.72749778259739,-79.32714222209015,5,6
High Park Subway Station,43.6543604,-79.4655296,0,11
Ward St / Wallace Ave,43.662857,-79.44618,8,7
Frederick St / The Esplanade,43.6487245,-79.36839,19,0
Avenue Rd / Cumberland St ,43.669821695059376,-79.39444614603269,1,14
Humber Bay Shores Park West,43.6224434,-79.480284,21,1
Centre Island Ferry Dock,43.622020652213855,-79.37888203400495,32,2
Yonge St / Montgomery Ave - SMART,43.70960859570095,-79.39915125005619,0,8
York St / Wellington St W (1) ,43.646734,-79.38301,0,21
Queen St E / Sackville St,43.6561111,-79.36138888888888,13,0
101 Cedarvale Ave,43.6868681,-79.3110942,18,5
Jane St / Yewtree Blvd,43.75531728502427,-79.51704708227844,13,1
Elizabeth St / Edward St (Bus Terminal),43.656026,-79.385327,5,8
Hubbard Blvd / Glen Manor Dr,43.668633,-79.291162,12,3
Widmer St / King St W,43.6463574,-79.391206,4,4
Woodbine Subway Station,43.686442,-79.313404,10,1
Lascelles Blvd / Eglinton Ave W,43.70547,-79.40355,3,15
91 Via Italia,43.67665014253828,-79.44503029755326,2,10
Sharpe St / Park St (Sandown Park),43.7105975,-79.2541175,9,4
Wellesley St E / Parliament St,43.6682342,-79.3702641,11,3
Glebe Rd W / Yonge St,43.7005976,-79.397345,3,14
Palmerston Blvd / Lennox St,43.66335070995886,-79.41312798316125,2,8
Eglinton Ave W / Henning Ave SMART,43.7063473,-79.40161,0,19
Caledonia Rd / Lotherton Pathway,43.70756436685646,-79.46571474966814,0,19
Eglinton Ave W / Scarlett Rd,43.6834703,-79.5108942,4,15
33 Queen St E,43.6523196075425,-79.37684857674785,26,0
Harvie Ave / Rogers Rd,43.68402031135697,-79.45297885330353,0,19
Lake Shore Blvd W / Twenty Fourth St,43.597082,-79.522768,11,5
Lawrence Ave W / Dufferin St,43.714317848363905,-79.45414485709222,0,15
Yonge St / Merton St ,43.6962750705313,-79.39629396191867,2,20
Hanlan's Point Beach,43.61904360581232,-79.39068832406288,1,46
Danforth Ave / Westlake Ave,43.687323,-79.304848,4,10
Erskine Ave / Yonge St SMART,43.7112153,-79.39894,2,14
Soho St / Queen St W,43.649649714291584,-79.39372141352654,9,3
Adelaide St E / Parliament St,43.65378337432506,-79.36335973372954,16,5
Church St / Bloor St E,43.671389,-79.382919,1,12
University Ave / Gerrard St W - SMART(South),43.65748153286412,-79.38921396018827,1,14
Liberty St / Fraser Ave Green P,43.637981,-79.424146,8,11
St. Clair Ave W / Avenue Rd ,43.68688938028234,-79.40099513147447,0,13
Bay St / King St W,43.64837534148549,-79.3799828091115,1,21
Robert St / Bloor St W - SMART,43.665846,-79.404998,1,13
Beverley St / College St,43.6575,-79.39527777777778,4,16
Duncan St / Adelaide St W - SMART,43.64813057569729,-79.38858106137695,5,7
Dentonia Park,43.694341,-79.291416,3,19
Blantyre Park,43.68306889999999,-79.279682,5,18
Ripley Ave / Ormskirk Ave,43.6390437,-79.4760109,23,0
College St / Huron St,43.658148,-79.398167,4,12
Bathurst St / Dundas St W,43.6518918789007,-79.40577861712723,7,16
Ontario Place Blvd / Lake Shore Blvd W,43.6322445,-79.4108105,0,24
Bartlett Parkette,43.6702236,-79.4360232,1,22
Jane St / Spenvalley Dr,43.740937072210514,-79.51338882645875,0,15
Queen St W / Cowan Ave,43.64089724173822,-79.43283582518329,17,1
Sumach St  / Queen St E,43.656638,-79.358749,19,0
Moore Park,43.693256,-79.383238,4,10
Queen St E / Woodward Ave,43.665269,-79.319796,5,13
Front St E / Bayview Avenue,43.6535,-79.354068,19,1
E.T Seton Park - South ,43.70503461857136,-79.33547292037659,4,19
St. Clair Ave W / Bathurst St,43.683296,-79.418734,1,17
The Pond Rd / Ian Macdonald Blvd,43.77086729028769,-79.49812990660705,6,9
Eglinton Ave E / Victoria Park Ave,43.72486103230542,-79.30351306295167,3,8
Logan Ave / Bain Ave,43.6720273,-79.3470557,15,4
Sterling Rd / Dundas St W,43.6508333333333,-79.4430555555556,9,10
Gould St / Yonge St (TMU),43.657424,-79.381019,0,18
406 Oakwood Ave,43.68827060022711,-79.43937767081853,0,18
Simcoe St / Queen St W,43.65049,-79.3873,2,30
Cherry Beach Sports Fields (55 Unwin Ave),43.6408346,-79.3429074,0,30
Galloway Rd / Kingston Rd ,43.76247244509665,-79.19469250674761,1,15
Warden Ave / Huntingwood Dr,43.78571682234873,-79.31081039604902,1,8
Brimley Rd / Lawrence Ave E ,43.75404854399297,-79.2553167552948,0,38
Church St / Cypress St,43.706385752681484,-79.51671697675717,0,15
Dundas St W / Roncesvalles Ave Green P -SMART,43.6534268,-79.4512787,0,12
Pottery Rd / Lower Don River Trail,43.688148,-79.362101,5,6
457 King St W,43.6452091,-79.3960744,11,6
Danforth Ave / Coxwell Ave,43.683378,-79.322961,13,2
Bloor St W / Brock Ave,43.6589882,-79.438715,2,9
Wells Hill Ave / St. Clair Ave W,43.683351,-79.41562,1,14
Bay St / Dundas St W,43.655350778457056,-79.38345966759798,18,36
